<?xml version="1.0"?>
<!--
/**
 * IDEALIAGroup srl
 *
 * NOTICE OF LICENSE
 *
 * This source file is subject to the Open Software License (OSL 3.0)
 * that is bundled with this package in the file LICENSE.txt.
 * It is also available through the world-wide-web at this URL:
 * http://opensource.org/licenses/osl-3.0.php
 * If you did not receive a copy of the license and are unable to
 * obtain it through the world-wide-web, please send an email
 * to info@idealiagroup.com so we can send you a copy immediately.
 *
 * @category   MSP
 * @package    MSP_CashOnDelivery
 * @copyright  Copyright (c) 2016 IDEALIAGroup srl (http://www.idealiagroup.com)
 * @license    http://opensource.org/licenses/osl-3.0.php  Open Software License (OSL 3.0)
 */
-->
<config xmlns:xsi="http://www.w3.org/2001/XMLSchema-instance"
        xsi:noNamespaceSchemaLocation="urn:magento:framework:Module/etc/module.xsd">
    <module name="MSP_CashOnDelivery" setup_version="1.2.11">
        <sequence>
            <module name="Magento_Sales" />
            <module name="Magento_Payment" />
            <module name="Magento_Directory" />
            <module name="Magento_Config" />
            <module name="Magento_Quote"/>
            <module name="Magento_Checkout"/>
        </sequence>
    </module>
</config>
