<?xml version="1.0"?>
<!--
/**
 * IDEALIAGroup srl
 *
 * NOTICE OF LICENSE
 *
 * This source file is subject to the Open Software License (OSL 3.0)
 * that is bundled with this package in the file LICENSE.txt.
 * It is also available through the world-wide-web at this URL:
 * http://opensource.org/licenses/osl-3.0.php
 * If you did not receive a copy of the license and are unable to
 * obtain it through the world-wide-web, please send an email
 * to info@idealiagroup.com so we can send you a copy immediately.
 *
 * @category   MSP
 * @package    MSP_CashOnDelivery
 * @copyright  Copyright (c) 2016 IDEALIAGroup srl (http://www.idealiagroup.com)
 * @license    http://opensource.org/licenses/osl-3.0.php  Open Software License (OSL 3.0)
 */
-->
<config xmlns:xsi="http://www.w3.org/2001/XMLSchema-instance" xsi:noNamespaceSchemaLocation="urn:magento:module:Magento_Sales:etc/sales.xsd">
    <section name="quote">
        <group name="totals">
            <item name="msp_cashondelivery" instance="MSP\CashOnDelivery\Model\Total\Quote\Cashondelivery" sort_order="900"/>
            <item name="msp_cashondelivery_tax" instance="MSP\CashOnDelivery\Model\Total\Quote\CashondeliveryTax" sort_order="901"/>
        </group>
    </section>

    <section name="order_invoice">
        <group name="totals">
            <item name="msp_cashondelivery" instance="MSP\CashOnDelivery\Model\Total\Invoice\Cashondelivery" sort_order="900"/>
            <item name="msp_cashondelivery_tax" instance="MSP\CashOnDelivery\Model\Total\Invoice\CashondeliveryTax" sort_order="901"/>
        </group>
    </section>

    <section name="order_creditmemo">
        <group name="totals">
            <item name="msp_cashondelivery" instance="MSP\CashOnDelivery\Model\Total\Creditmemo\Cashondelivery" sort_order="900"/>
            <item name="msp_cashondelivery_tax" instance="MSP\CashOnDelivery\Model\Total\Creditmemo\CashondeliveryTax" sort_order="901"/>
        </group>
    </section>
</config>
