<?xml version="1.0"?>
<!--
/**
 * IDEALIAGroup srl
 *
 * NOTICE OF LICENSE
 *
 * This source file is subject to the Open Software License (OSL 3.0)
 * that is bundled with this package in the file LICENSE.txt.
 * It is also available through the world-wide-web at this URL:
 * http://opensource.org/licenses/osl-3.0.php
 * If you did not receive a copy of the license and are unable to
 * obtain it through the world-wide-web, please send an email
 * to info@idealiagroup.com so we can send you a copy immediately.
 *
 * @category   MSP
 * @package    MSP_CashOnDelivery
 * @copyright  Copyright (c) 2016 IDEALIAGroup srl (http://www.idealiagroup.com)
 * @license    http://opensource.org/licenses/osl-3.0.php  Open Software License (OSL 3.0)
 */
-->
<routes xmlns:xsi="http://www.w3.org/2001/XMLSchema-instance"
        xsi:noNamespaceSchemaLocation="urn:magento:module:Magento_Webapi:etc/webapi.xsd">

    <route url="/V1/carts/mine/msp-cashondelivery-information" method="GET">
        <service class="MSP\CashOnDelivery\Api\CashondeliveryInterface" method="getCartInformation"/>
        <resources>
            <resource ref="anonymous" />
        </resources>
    </route>

    <route url="/V1/carts/mine/msp-cashondelivery-change-payment-method" method="GET">
        <service class="MSP\CashOnDelivery\Api\CashondeliveryCartInterface" method="savePaymentMethod"/>
        <resources>
            <resource ref="anonymous" />
        </resources>
    </route>
</routes>
